{"cameraMode":{"drawMode":2,"name":"Shaded Wireframe","section":"Shading Mode"},"sceneLighting":true,"audioPlay":false,"sceneViewState":{"showFog":true,"showMaterialUpdate":false,"showSkybox":true,"showFlares":true,"showImageEffects":true,"showParticleSystems":true},"in2DMode":false,"pivot":{"x":-0.7671545743942261,"y":4.205267906188965,"z":7.233511447906494},"rotation":{"x":0.1268526017665863,"y":-0.33705979585647585,"z":0.045887988060712817,"w":0.9317689538002014},"size":15.193912506103516,"orthographic":false}